Geo,Year,PropSFChargingAvail,PropMFChargingAvail,PropGQChargingAvail
Baker,2010,1,0,0
Benton,2010,1,0,0
Clackamas,2010,1,0,0
Clatsop,2010,1,0,0
Columbia,2010,1,0,0
Coos,2010,1,0,0
Crook,2010,1,0,0
Curry,2010,1,0,0
Deschutes,2010,1,0,0
Douglas,2010,1,0,0
Gilliam,2010,1,0,0
Grant,2010,1,0,0
Harney,2010,1,0,0
Hood River,2010,1,0,0
Jackson,2010,1,0,0
Jefferson,2010,1,0,0
Josephine,2010,1,0,0
Klamath,2010,1,0,0
Lake,2010,1,0,0
Lane,2010,1,0,0
Lincoln,2010,1,0,0
Linn,2010,1,0,0
Malheur,2010,1,0,0
Marion,2010,1,0,0
Morrow,2010,1,0,0
Multnomah,2010,1,0,0
Polk,2010,1,0,0
Sherman,2010,1,0,0
Tillamook,2010,1,0,0
Umatilla,2010,1,0,0
Union,2010,1,0,0
Wallowa,2010,1,0,0
Wasco,2010,1,0,0
Washington,2010,1,0,0
Wheeler,2010,1,0,0
Yamhill,2010,1,0,0
Baker,2040,1,0.2,0
Benton,2040,1,0.2,0
Clackamas,2040,1,0.2,0
Clatsop,2040,1,0.2,0
Columbia,2040,1,0.2,0
Coos,2040,1,0.2,0
Crook,2040,1,0.2,0
Curry,2040,1,0.2,0
Deschutes,2040,1,0.2,0
Douglas,2040,1,0.2,0
Gilliam,2040,1,0.2,0
Grant,2040,1,0.2,0
Harney,2040,1,0.2,0
Hood River,2040,1,0.2,0
Jackson,2040,1,0.2,0
Jefferson,2040,1,0.2,0
Josephine,2040,1,0.2,0
Klamath,2040,1,0.2,0
Lake,2040,1,0.2,0
Lane,2040,1,0.2,0
Lincoln,2040,1,0.2,0
Linn,2040,1,0.2,0
Malheur,2040,1,0.2,0
Marion,2040,1,0.2,0
Morrow,2040,1,0.2,0
Multnomah,2040,1,0.2,0
Polk,2040,1,0.2,0
Sherman,2040,1,0.2,0
Tillamook,2040,1,0.2,0
Umatilla,2040,1,0.2,0
Union,2040,1,0.2,0
Wallowa,2040,1,0.2,0
Wasco,2040,1,0.2,0
Washington,2040,1,0.2,0
Wheeler,2040,1,0.2,0
Yamhill,2040,1,0.2,0
