Geo,Year,TransitVanFuelCI,TransitBusFuelCI,TransitRailFuelCI
Albany,2010,NA,NA,NA
Albany,2040,NA,NA,NA
Bend,2010,NA,NA,NA
Bend,2040,NA,NA,NA
Corvallis,2010,NA,NA,NA
Corvallis,2040,NA,NA,NA
EugeneSpringfield,2010,NA,NA,NA
EugeneSpringfield,2040,NA,NA,NA
GrantsPass,2010,NA,NA,NA
GrantsPass,2040,NA,NA,NA
Metro,2010,NA,NA,NA
Metro,2040,NA,NA,NA
None,2040,NA,NA,NA
None,2010,NA,NA,NA
RogueValley,2010,NA,NA,NA
RogueValley,2040,NA,NA,NA
SalemKeizer,2010,NA,NA,NA
SalemKeizer,2040,NA,NA,NA
